epoch,learning_rate_used,data_loss,PDE_loss,physics_loss,total_loss,training_seconds,validation_MSE,learning_rate_next
1,0.002,0.04774073318068711,0.05028509070991345,0.011651736156979823,0.07299979589721363,2.1950118000095244,0.0020926438737660646,0.002
2,0.002,0.003109066940422328,0.007729880410720999,0.005044819376396261,0.007024455339546791,2.1449539000022924,0.0010097611229866743,0.0022758620689655173
3,0.0022758620689655173,0.001508940335248931,0.0036979152662855275,0.0035137417166107247,0.003393035385557802,2.1512778000032995,0.0005665112403221428,0.0025517241379310347
4,0.0025517241379310347,0.00098087559871481,0.0022689975646570464,0.0026094298831731925,0.0021414686798750648,2.2238137000094866,0.00047207114403136075,0.002827586206896552
5,0.002827586206896552,0.0007210367997308736,0.0015611357773865028,0.002266038672664677,0.0015242650751507718,2.150113199997577,0.00041296868585050106,0.0031034482758620693
6,0.0031034482758620693,0.0005634200370997929,0.001169832322838769,0.0018758637383624137,0.0011670948359028017,2.125527999989572,0.00031109823612496257,0.0033793103448275866
7,0.0033793103448275866,0.0004447625578218579,0.0009067685152228289,0.0017046470300487752,0.0009151932857337601,2.2751387000025716,0.0001985637645702809,0.0036551724137931034
8,0.0036551724137931034,0.00036945080006811414,0.0007216721259162954,0.0015948929050761573,0.0007462357920770235,2.1210779000102775,0.00018963191541843116,0.003931034482758621
9,0.003931034482758621,0.00031716897886000433,0.00058370054164629,0.0013918270025279303,0.0006229375197084286,2.214329100010218,0.00020507229783106595,0.0042068965517241385
10,0.0042068965517241385,0.00026421051665718824,0.0004871892481976417,0.001206688953559178,0.0005198720302916009,2.013446599987219,0.00017870227748062462,0.004482758620689656
11,0.004482758620689656,0.0002323760264465269,0.00041377338946507015,0.0011444374496657576,0.0004507070956757195,2.285011599989957,0.00021370239846874028,0.004758620689655173
12,0.004758620689655173,0.00020393813391356676,0.0003469718756365045,0.0009827125627538717,0.0003872511973593577,2.1285435000027064,0.00014679860032629222,0.00503448275862069
13,0.00503448275862069,0.00018206558339649214,0.00029861560159468283,0.0008466721966506843,0.00033984010616034045,2.2046430000045802,0.00012845135643146932,0.005310344827586207
14,0.005310344827586207,0.0001669265586555549,0.0002553105036638027,0.0007913288540088237,0.0003024950990275445,2.1778233000077307,0.00011605554755078629,0.005586206896551724
15,0.005586206896551724,0.0001539893424740272,0.00022342321045591302,0.0007398628812603969,0.0002730995765145877,2.1257449999975506,0.0001491028961027041,0.0058620689655172415
16,0.0058620689655172415,0.00014626199742262956,0.00019443691856412324,0.0007291562906861797,0.00025077201961155296,1.944779400000698,0.00011214300320716575,0.006137931034482759
17,0.006137931034482759,0.000136744143605509,0.00017024862993495399,0.0006965166248846799,0.0002288336248218328,2.05197249999037,0.00010719561396399513,0.006413793103448276
18,0.006413793103448276,0.00013112062213553626,0.0001519088042221243,0.0006107787707631634,0.00021318281195423005,2.0650466000079177,0.00012701829837169498,0.006689655172413793
19,0.006689655172413793,0.00013182802416300752,0.00013458848390552513,0.0006230359038729044,0.00020535262515449914,2.216188800011878,0.00011140600690850988,0.006965517241379311
20,0.006965517241379311,0.00012555933639270974,0.0001181037745791057,0.0006093502502925782,0.00019070472618518838,2.071235199997318,0.00011589346831897274,0.007241379310344828
21,0.007241379310344828,0.00012497447398414325,0.00010572967523399231,0.0006154828269983518,0.00018399413987112292,2.2042865000112215,0.00012583572242874652,0.007517241379310345
22,0.007517241379310345,0.00012096478448651362,9.720526591167381e-05,0.0006170060091876021,0.00017573747753422655,2.0104510000091977,0.00011005127453245223,0.007793103448275863
23,0.007793103448275863,0.00011689921364381487,8.545789696311333e-05,0.0005475475797693263,0.00016510363792306482,2.151470099997823,0.00010367773211328313,0.008068965517241379
24,0.008068965517241379,0.00011716006956017084,7.661082308227635e-05,0.0005751218317836558,0.0001612166994191456,2.156537600007141,0.000103214850241784,0.008344827586206898
25,0.008344827586206898,0.00011844673693149332,6.991103015574275e-05,0.0005654585923898508,0.00015905683793326322,2.110025800007861,0.00011552364594535902,0.008620689655172414
26,0.008620689655172414,0.00011803599457225744,6.500165724197736e-05,0.0005486827675376158,0.00015602365086862227,2.1300551000022097,0.00012929929653182626,0.008896551724137931
27,0.008896551724137931,0.00011643189831168988,6.0238905204624766e-05,0.0005414816592095138,0.0001519661675060974,2.1271842999994988,0.00010221871343674138,0.009172413793103448
28,0.009172413793103448,0.00011450503302083509,5.1546156512659025e-05,0.0005460906900654389,0.00014573901817781899,2.276359900002717,9.39134115469642e-05,0.009448275862068966
29,0.009448275862068966,0.00011087137077855966,4.83985688059068e-05,0.0005624816321354922,0.00014069547150286798,2.312890300003346,9.962575131794438e-05,0.009724137931034483
30,0.009724137931034483,0.00011409795959754672,4.383997015192674e-05,0.0005273321486420859,0.00014129126615993094,2.1253773999924306,9.995362779591233e-05,0.01
31,0.01,0.00011647308592899826,4.37137648918477e-05,0.0005298583682644058,0.00014362855205756617,2.14256409999507,0.00012677061022259295,0.01
32,0.01,0.00011054169830595986,3.977271204211371e-05,0.0005368466235319469,0.00013579652056233617,2.0616491999971913,9.152747952612117e-05,0.009999163327244457
33,0.009999163327244457,0.0001075849735193429,3.514761237107999e-05,0.0005309052355170144,0.00013046783206005304,2.0175508999964222,0.00014115947124082595,0.009996653594700812
34,0.009996653594700812,0.0001114333027321406,3.350412019776655e-05,0.0004994444332726933,0.00013317980716375083,2.388230199998361,0.0001282057783100754,0.009992471659440427
35,0.009992471659440427,0.00010988196217507686,2.9797444836250815e-05,0.0005066054028882821,0.0001298467386220851,2.030700600007549,9.170262637780979e-05,0.009986618949590362
36,0.009986618949590362,0.0001118789197171968,2.9348730318163706e-05,0.0005143987929738425,0.0001316972728060171,2.2264761999977054,0.00016293000953737646,0.00997909746384567
37,0.00997909746384567,0.0001102607431058236,2.6529395860429844e-05,0.0004953104395305141,0.00012847854543134366,2.059404200001154,0.00010260591079713777,0.009969909770786841
38,0.009969909770786841,0.00010564148101795306,2.464644147142469e-05,0.0004880462763809054,0.00012284516451747447,2.1084935999970185,8.622357563581318e-05,0.00995905900800264
39,0.00995905900800264,0.00011533242410086184,2.480793368446922e-05,0.0005192552415328979,0.00013292894335842543,2.0588024000026053,8.508931932738051e-05,0.009946548881018615
40,0.009946548881018615,9.970216836696843e-05,2.1372572433083747e-05,0.0005133640514478035,0.00011552209509798833,2.1698334999964572,8.3930826804135e-05,0.009932383662031672
41,0.009932383662031672,0.0001082850221620284,2.132943489345533e-05,0.0004901656185503047,0.00012385139579425912,2.111244700005045,8.381900988752022e-05,0.00991656818845112
42,0.00991656818845112,0.00010569703425851844,1.931853095365508e-05,0.0004864076454739332,0.00012022037619008532,2.137308600009419,0.00010912671132246032,0.009899107861246693
43,0.009899107861246693,0.0001093577297721805,1.95956973618864e-05,0.0004825369527130739,0.00012398094798025445,1.9626024000026518,0.00011546329187694937,0.00988000864310414
44,0.00988000864310414,0.00010864935564931552,1.8681650939435952e-05,0.0004932456147386956,0.00012292263726642046,2.068638500000816,8.742243517190218e-05,0.009859277056388957
45,0.009859277056388957,0.00010776927407483904,1.7497058560932276e-05,0.0005160677859028099,0.00012167848121433328,1.9987170999957016,9.750780736794695e-05,0.009836920180919018
46,0.009836920180919018,0.00010903322803436445,1.7045530984312722e-05,0.00047724293918296134,0.0001223284229183504,2.10389959999884,9.469600627198815e-05,0.009812945651546815
47,0.009812945651546815,0.00011468938176239015,1.576043546007878e-05,0.0005008650100449504,0.00012757824959287904,1.9704925999976695,8.828352292766795e-05,0.00978736165555216
48,0.00978736165555216,0.00010617377511324484,1.5194494608294917e-05,0.0005222065952213323,0.00011899308836960562,2.0751619999937247,0.000151026964886114,0.009760176929846253
49,0.009760176929846253,0.00010708009210917089,1.3433993127312894e-05,0.0005005348976514794,0.00011880243764934213,2.3746641000034288,0.00017790372658055276,0.009731400757988016
50,0.009731400757988016,0.00012188475430209435,1.3978718899759872e-05,0.00048731048239992477,0.00013374721857597354,2.1101134000055026,8.366586553165689e-05,0.009701042967013778
51,0.009701042967013778,0.00011956127168817165,1.2688864693322927e-05,0.0004918091389007937,0.00013082379542384104,2.103172999995877,0.00012626957322936505,0.009669113924081343
52,0.009669113924081343,9.974332454664861e-05,1.2075076003109746e-05,0.0004869663738096484,0.00011065052628629997,2.0122618000023067,0.0001316398847848177,0.009635624532929626
53,0.009635624532929626,9.835034129451433e-05,1.1220807638617873e-05,0.0004716673451322043,0.0001086774185651453,2.2644234000035794,8.742504724068567e-05,0.009600586230155023
54,0.009600586230155023,0.00010837872606265042,1.2339132774526798e-05,0.00046804065476742764,0.00011922869899758809,2.0934033999947133,0.00012968455848749727,0.009564010981305833
55,0.009564010981305833,0.00010080359246579596,1.1094362005953269e-05,0.0004612271682763437,0.00011096304515153604,2.156679299994721,8.918171079130843e-05,0.009525911276796032
56,0.009525911276796032,9.84927755780518e-05,1.0847367629705915e-05,0.0004789536307622977,0.00010870599570052774,2.0654952000040794,8.685306238476187e-05,0.009486300127639806
57,0.009486300127639806,0.00010398457386642958,1.039279767318699e-05,0.0005130277896346085,0.00011431125059936916,2.1805452999979025,9.942454926203936e-05,0.009445191061008303
58,0.009445191061008303,0.00010184839073808003,9.560052629514655e-06,0.0004659544770992449,0.0001112879618238298,2.1070355999981984,0.00010527828999329358,0.00940259811561012
59,0.00940259811561012,0.00010196175276607117,1.0336007339644294e-05,0.0004656765643476491,0.00011178652207936981,2.1384222000051523,0.00012036300904583186,0.00935853583689709
60,0.00935853583689709,0.00010430988302961748,1.0040152248174704e-05,0.00045461671697063686,0.00011387612632341121,2.1552006999991136,0.00015493064711336046,0.009313019272097026
61,0.009313019272097026,0.00010025157091561441,1.1897072900470482e-05,0.0004788628837833937,0.00011098873620368359,2.1616403000080027,8.118688128888607e-05,0.00926606396507511
62,0.00926606396507511,9.851740661652689e-05,9.880090026785663e-06,0.00044646174652405296,0.00010792206909516026,2.1569751000060933,0.0001041819850797765,0.009217685951025675
63,0.009217685951025675,0.00010102930282987215,1.0239522337216394e-05,0.0005006684146311907,0.00011115574814479225,2.00755000000936,8.445556159131229e-05,0.009167901750996198
64,0.009167901750996198,9.722462071397974e-05,1.099370110150287e-05,0.000498428196977947,0.00010770575323451065,2.1497665000060806,8.170916407834738e-05,0.009116728366245384
65,0.009116728366245384,9.545564548802158e-05,8.475560602130158e-06,0.0004766542830489101,0.00010445996861957575,2.056656300002942,6.853280501672998e-05,0.009064183272437243
66,0.009064183272437243,9.424575189356956e-05,1.0515375375037382e-05,0.00047370989643309686,0.00010424053854541922,2.0095690000016475,6.911861419212073e-05,0.009010284413673174
67,0.009010284413673174,9.102346673487018e-05,8.977949460560646e-06,0.000468497237581584,0.00010019741384096634,2.4273608999938006,0.00011190932855242863,0.00895505019636407
68,0.00895505019636407,0.0725293320674781,0.017818670505761785,0.01351657226343446,0.08157383304299333,2.090817700009211,0.0006040188018232584,0.008898499482944536
69,0.008898499482944536,0.0006767571711570095,4.3419243977624784e-05,0.0014906744675860161,0.000713373537821682,2.2814992000057828,0.00039373530307784677,0.008840651585431404
70,0.008840651585431404,0.0005119028622020949,2.378200579702059e-05,0.001326867731788881,0.0005370625424184941,1.9923121000028914,0.00031502568162977695,0.00878152625882868
71,0.00878152625882868,0.0004245391473029125,1.778410622583184e-05,0.0011795358930029116,0.00044522655934585756,2.3066876999946544,0.00027218146715313196,0.00872114369438123
72,0.00872114369438123,0.00037449781886161356,1.4159676212793269e-05,0.0011122130683429961,0.00039269978765144015,2.022118799999589,0.0002502354618627578,0.0086595245126795
73,0.0086595245126795,0.00034400391532986795,1.1893293735481149e-05,0.0010817484674263604,0.00036076804687187213,2.2169085999921663,0.00023686369240749627,0.008596689756617587
74,0.008596689756617587,0.00032214077962738164,1.019327551405712e-05,0.0010568336226740183,0.00033780575361115037,2.1235175000038,0.00022739717678632587,0.008532660884207125
75,0.008532660884207125,0.00030248688823842214,8.887678104484913e-06,0.001055670545748347,0.00031748743274814806,2.3283937999949558,0.0002183796459576115,0.008467459761249388
76,0.008467459761249388,0.0002882174778518812,7.845926776734007e-06,0.0010019794330528042,0.00030216023557077626,2.0750038999976823,0.00020882359240204096,0.00840110865386813
77,0.00840110865386813,0.0002741191565291956,7.0068331168377485e-06,0.0009652379585017081,0.00028727495267263155,2.159994200002984,0.00020137018873356283,0.008333630220905741
78,0.008333630220905741,0.0002670607873884399,6.396452762309532e-06,0.0009572885459385601,0.00027983189922898026,2.0463670999888564,0.0001956350024556741,0.008265047506185258
79,0.008265047506185258,0.0002577465900960203,5.797392266274228e-06,0.0009516860997603046,0.00027016214722676047,2.12193500000285,0.00018927235214505345,0.00819538393064093
80,0.00819538393064093,0.0002525866153553339,5.403841068639524e-06,0.0009104223504007952,0.0002643927593936616,2.067546099991887,0.00018566055223345757,0.008124663284319985
81,0.008124663284319985,0.00024568639835123113,5.0163139434825665e-06,0.0008689959227098679,0.0002568845145500711,2.0704449000040768,0.0001835681905504316,0.008052909718258358
82,0.008052909718258358,0.0002371145394204606,4.6587773632158785e-06,0.0008431643542486577,0.00024787557164455515,2.053673800008255,0.0001779465819709003,0.007980147736233118
83,0.007980147736233118,0.00023169760558784956,4.463673507896876e-06,0.0008990134517244889,0.0002429195768590429,2.1929890000028536,0.000172718137037009,0.007906402186394476
84,0.007906402186394476,0.000226386758786591,4.206811107700182e-06,0.0009136511795969574,0.00023762667613641067,2.0825645000004442,0.00016960340144578367,0.007831698252780139
85,0.007831698252780139,0.0002215461811503255,4.019227836184689e-06,0.0008184089130976782,0.0002317398841993946,2.178723799996078,0.0001660078705754131,0.007756061446715002
86,0.007756061446715002,0.00021746656599340363,3.861582095027497e-06,0.0008696357199026026,0.0002280937142399434,2.0547202000016114,0.00016662378038745373,0.007679517598099043
